NESTE MARKKINOINTI OY
FORTUM OY
ASIAKASNUMERO ; ASIAKKAAN NIMI ; LÄMPÖKESKUS ; VEROKOODI ; TOSITE ; TOIMITUSPÄIVÄ ; TUOTENRO ; TUOTELYHENNE ; KG ; NORM_LITRAT ; LITRAT ; VEROTON ; VERO ; LASKUNRO ; HYVITETTÄVÄLASKUNRO ; LASKUPVM ; ERAPVM ; AJONTUNNUS ; TOSITELAJI ; YHTIÖ ; VIITENUMERO 
A0089240;Fortum Power And Heat Oy/Meri-Porin Voimalaito/FI01091602022;MPP;H;5NSA1803516500;23.03.2018;170380;Neste-raskas polttoöljy LS 420;19001.00;18850.00;19535.00;6436.97;0;02263780;;26.03.2018;25.04.2018;02263780;1;01611086;37002263780016110863
A0089240;Fortum Power And Heat Oy/Meri-Porin Voimalaito/FI01091602022;MPP;H;;23.03.2018;10tmaksu;Toimitusmaksu;0;0;0;40.32;0;02263780;;26.03.2018;25.04.2018;02263780;1;01611086;37002263780016110863
