NESTE MARKKINOINTI OY
FORTUM OY
ASIAKASNUMERO ; ASIAKKAAN NIMI ; LÄMPÖKESKUS ; VEROKOODI ; TOSITE ; TOIMITUSPÄIVÄ ; TUOTENRO ; TUOTELYHENNE ; KG ; NORM_LITRAT ; LITRAT ; VEROTON ; VERO ; LASKUNRO ; HYVITETTÄVÄLASKUNRO ; LASKUPVM ; ERAPVM ; AJONTUNNUS ; TOSITELAJI ; YHTIÖ ; VIITENUMERO 
A0324927;Fortum Power And Heat Oy/Haarajoen Lk1/LK260;LK260;K;5PSA1808355800;28.03.2018;160205;Neste-polttoöljy -29/-38;3414.00;4137.00;4110.00;2944.03;706.56;02267228;;28.03.2018;27.04.2018;02267228;1;01611086;37002267228016110868
A0324927;Fortum Power And Heat Oy/Haarajoen Lk1/LK260;LK260;K;;28.03.2018;10tmaksu;Toimitusmaksu;0;0;0;40.32;9.68;02267228;;28.03.2018;27.04.2018;02267228;1;01611086;37002267228016110868
A0324921;Fortum Power And Heat Oy/Kavika Järvenpää Lk234;LK234;K;5PSA1808355700;28.03.2018;160205;Neste-polttoöljy -29/-38;3868.00;4686.00;4656.00;3335.14;800.43;02267229;;28.03.2018;27.04.2018;02267229;1;01611086;37002267229016110867
A0324921;Fortum Power And Heat Oy/Kavika Järvenpää Lk234;LK234;K;;28.03.2018;10tmaksu;Toimitusmaksu;0;0;0;40.32;9.68;02267229;;28.03.2018;27.04.2018;02267229;1;01611086;37002267229016110867
