NESTE MARKKINOINTI OY
FORTUM OY
ASIAKASNUMERO ; ASIAKKAAN NIMI ; LÄMPÖKESKUS ; VEROKOODI ; TOSITE ; TOIMITUSPÄIVÄ ; TUOTENRO ; TUOTELYHENNE ; KG ; NORM_LITRAT ; LITRAT ; VEROTON ; VERO ; LASKUNRO ; HYVITETTÄVÄLASKUNRO ; LASKUPVM ; ERAPVM ; AJONTUNNUS ; TOSITELAJI ; YHTIÖ ; VIITENUMERO 
A3621275;Fortum Power And Heat Oy/Joensuun varalämpölaitos LK396 Nepe;LK396;K;5JTB1800260700;21.03.2018;160205;Neste-polttoöljy -29/-38;50965.00;61844.00;60816.00;43743.12;10498.35;02259573;;21.03.2018;20.04.2018;02259573;1;01611086;37002259573016110864
A3621275;Fortum Power And Heat Oy/Joensuun varalämpölaitos LK396 Nepe;LK396;K;;21.03.2018;10tmaksu;Toimitusmaksu;0;0;0;40.32;9.68;02259573;;21.03.2018;20.04.2018;02259573;1;01611086;37002259573016110864
