NESTE MARKKINOINTI OY
FORTUM OY
ASIAKASNUMERO ; ASIAKKAAN NIMI ; LÄMPÖKESKUS ; VEROKOODI ; TOSITE ; TOIMITUSPÄIVÄ ; TUOTENRO ; TUOTELYHENNE ; KG ; NORM_LITRAT ; LITRAT ; VEROTON ; VERO ; LASKUNRO ; HYVITETTÄVÄLASKUNRO ; LASKUPVM ; ERAPVM ; AJONTUNNUS ; TOSITELAJI ; YHTIÖ ; VIITENUMERO 
A0324935;Fortum Power And Heat Oy/Ristikiven Lämpökeskus Lk265;LK265;K;5PSA1807921700;23.03.2018;160205;Neste-polttoöljy -29/-38;3634.00;4402.00;4350.00;3083.72;740.09;02262648;;23.03.2018;23.04.2018;02262648;1;01611086;37002262648016110867
A0324935;Fortum Power And Heat Oy/Ristikiven Lämpökeskus Lk265;LK265;K;;23.03.2018;10tmaksu;Toimitusmaksu;0;0;0;40.32;9.68;02262648;;23.03.2018;23.04.2018;02262648;1;01611086;37002262648016110867
